I97,Ybiao@ms1237.utah.cloudlab.us
I93,Ybiao@hp005.utah.cloudlab.us
I44,Ybiao@ms1319.utah.cloudlab.us
I18,Ybiao@amd004.utah.cloudlab.us
I58,Ybiao@ms1210.utah.cloudlab.us
I109,Ybiao@hp026.utah.cloudlab.us
I33,Ybiao@ms1310.utah.cloudlab.us
II18,Ybiao@ms1302.utah.cloudlab.us
II11,Ybiao@hp161.utah.cloudlab.us
I30,Ybiao@ms1328.utah.cloudlab.us
I15,Ybiao@hp122.utah.cloudlab.us
I79,Ybiao@hp011.utah.cloudlab.us
II13,Ybiao@ms1341.utah.cloudlab.us
I51,Ybiao@hp040.utah.cloudlab.us
II27,Ybiao@ms1203.utah.cloudlab.us
I35,Ybiao@ms1323.utah.cloudlab.us
II33,Ybiao@hp033.utah.cloudlab.us
I74,Ybiao@amd137.utah.cloudlab.us
II25,Ybiao@hp158.utah.cloudlab.us
II9,Ybiao@ms1244.utah.cloudlab.us
II16,Ybiao@hp015.utah.cloudlab.us
I41,Ybiao@ms0828.utah.cloudlab.us
I19,Ybiao@hp004.utah.cloudlab.us
I57,Ybiao@hp132.utah.cloudlab.us
I66,Ybiao@hp025.utah.cloudlab.us
II6,Ybiao@amd217.utah.cloudlab.us
I4,Ybiao@hp144.utah.cloudlab.us
I43,Ybiao@ms1205.utah.cloudlab.us
I91,Ybiao@ms1224.utah.cloudlab.us
I70,Ybiao@hp056.utah.cloudlab.us
I73,Ybiao@ms1327.utah.cloudlab.us
I47,Ybiao@ms1222.utah.cloudlab.us
I38,Ybiao@ms1333.utah.cloudlab.us
I2,Ybiao@ms1344.utah.cloudlab.us
I49,Ybiao@ms1230.utah.cloudlab.us
II42,Ybiao@ms1231.utah.cloudlab.us
I110,Ybiao@ms0838.utah.cloudlab.us
II19,Ybiao@ms1307.utah.cloudlab.us
I12,Ybiao@hp188.utah.cloudlab.us
I77,Ybiao@ms1337.utah.cloudlab.us
I55,Ybiao@ms1211.utah.cloudlab.us
I0,Ybiao@amd133.utah.cloudlab.us
I11,Ybiao@amd240.utah.cloudlab.us
II22,Ybiao@hp034.utah.cloudlab.us
I25,Ybiao@hp013.utah.cloudlab.us
II31,Ybiao@hp018.utah.cloudlab.us
I101,Ybiao@hp169.utah.cloudlab.us
II12,Ybiao@hp181.utah.cloudlab.us
I64,Ybiao@hp140.utah.cloudlab.us
II35,Ybiao@amd187.utah.cloudlab.us
